num,address,birth,createDate,department,education,email,mbti,password,phone,role,gender,status,univ,username,
1,53,2000-07-06,10:32.5,정보통신공학과,univ,dksudi76@gmail.com,ENFP,$2a$10$qK4QrG4eT7kYdSaGH9.U4ujx.JMiTjIbG0PlDxY80YkfhYqG/vUDy,010-4013-4649,ROLE_USER,female,univ,영남대학교,dain,
2,61,2022-11-30,42:17.0,,high_gradu,dksudi76@naver.com,ISFP,$2a$10$O7CMGmuU4Q8.OaI3X/.Os..gT.CyWdSxhwmyFIunEDEI/lgLlh4/G,010-4013-4649,ROLE_USER,female,,,inni,
3,55,2002-12-13,52:03.3,정보통신공학과,univ,dksudi76@gmail.com,ENTP,$2a$10$SNIrpDRoHPBAlCVgjTjb6eDv/HrYGt9bkYWtKbuObOx96dtqGxVD6,010-4013-4649,ROLE_USER,female,univ,영남대학교,dain,
4,32,2002-11-10,53:06.0,정보통신공학과,univ,dksudi76@naver.com,ESTJ,$2a$10$/lQkZGYXHsRnRSnv7WMEVucZ0JXArHLTZVgT3Dwyy5VQgs.1ORLNW,010-4013-4649,ROLE_USER,female,univ,영남대학교,new,
5,61,2000-07-06,54:27.6,컴퓨터공학과,univ,dksudi76@naver.com,ENFP,$2a$10$BcqUJiYgdL5eXl.8/enBTOTd7ge7ZFcZYuqJ4NChuTZJfm4YENSJ6,010-1234-1234,ROLE_USER,male,univ_ing,계명대학교,qqq,
6,61,2022-12-20,47:45.0,,high_gradu,dksudi76@gmail.com,ESTJ,$2a$10$.sEFpcQvM9XhDnPcmS9KaeCSUqG/oanpDGQdO47dsUER1OTEYVT/.,010-4013-4649,ROLE_USER,female,,,qq,
7,31,1978-01-02,54:00.9,,high_gradu,ss@naver.com,ESFJ,$2a$10$m.J5IQMDa/uftRUSjZKYbezW8oEyzpPxdaLSuNnle6sY/iZ9HQSNi,010-4013-4649,ROLE_USER,female,,,rlkladksl,
8,61,1999-12-07,57:13.4,언론정보학과,univ,ssa@naver.com,ENFP,$2a$10$OKqVc3CqycTQVtkaKZJan.fo3SUIAFTedmpa0gmXCPwY8t/5bbHvy,010-1234-5678,ROLE_USER,female,univ,전남대학교,sdfaew,
9,51,1999-12-12,14:14.1,통계학과,univ,ssa@naver.com,ESTJ,$2a$10$6Yu81UlSKgea1Bh/vb9s0ecvX7GzhTH/z/PN0Hd5i0bHcaTG/na..,010-4013-4649,ROLE_USER,female,univ_gradu,부산대학교,dasksdkdl,
10,61,1997-01-05,15:02.7,교육학과,univ,ssa@naver.com,ENFP,$2a$10$1SQeETyQacMLSQ.b6iBFB.GZIhcN35p3I4i0n6OAx.Olim2Oq2dna,010-1234-5678,ROLE_USER,female,univ_gradu,전남대학교,wlkdla,
11,64,1996-01-05,16:14.1,화학공학과,univ,kk@gmail.com,ISTP,$2a$10$75CAEsXHAJowi3d73M4aGuMxRQtjvD8FS.BLGXop6GWDMU5O.xUIO,010-1234-5678,ROLE_USER,null,univ_ing,제주대학교,qwer,
12,62,1996-01-09,11:45.9,,high_gradu,ssar@naver.com,ESTJ,$2a$10$I422QvCxRhdTWsPdgC1hA.1RvNXj6QIzfVUMu3p10pqn2DXg/Qtvm,010-1234-1234,ROLE_USER,null,,,dlsowei,
13,55,2010-09-08,12:35.0,기계공학과,univ,kim@naver.com,INTJ,$2a$10$J7UXN9nVBPGsIj4HWndFjew3Sull5Lrd24Jd3lzxYcaB3J8YGOp5m,010-5486-2456,ROLE_USER,null,univ_ing,경기대학교,swewwer,
14,32,2022-12-01,15:23.6,,high_gradu,dksudi76@naver.com,ISFJ,$2a$10$6RXPaWm0eHGiR5OpI6.Yhu2N3wPyzpM2hOXtdZbBNcy0F.0NbTaem,010-4013-4649,ROLE_USER,female,,,qwedsda,
15,2,2002-06-07,16:10.2,기계공학과,univ,ssa@naver.com,INTJ,$2a$10$gB7D58N6IuTkf0QADvraiOyNIOmoVuAk.WW.koh2QQwaP50NDssL2,010-5486-2456,ROLE_USER,male,univ,서울대학교,awerq,
16,52,2022-12-02,16:52.3,국어국문학과,univ,ssar@naver.com,ISTP,$2a$10$U3WDF..kSUpgeZDHolZuyOlbn/y6vXRmakviKgB5tkcbY2taNbnES,010-1234-1234,ROLE_USER,female,univ_ing,울산대학교,clsekdls,
17,54,2022-12-02,17:33.2,,high_gradu,ssar@naver.com,ISFP,$2a$10$GeTFYRRX2ScpaSR1ha1vdeEBpU4y5PSN5phEcDl5kI1FTuTQQdxhi,010-1234-1234,ROLE_USER,female,,,akwdls,
18,51,2022-12-03,20:11.8,컴퓨터공학과,univ,ssa@naver.com,INFJ,$2a$10$QeKGMRHyrhPGjNH9oEFyF.EELAeGgJzRel0Kxd7Mwb5qupZUhqEnO,010-1234-1234,ROLE_USER,female,univ_gradu,부경대학교,dadfawerfda,
19,55,2022-11-25,20:36.0,,high_gradu,ssar@naver.com,ESTJ,$2a$10$fK93lnS2psRktt1hl0y5H.ObXMnnNd7CTzGBDRg97oLmK8Yz5AaDu,010-5486-2456,ROLE_USER,female,,,serkld,
20,43,2022-12-02,21:24.6,,high_gradu,ssa@naver.com,ISTP,$2a$10$fmzKcy6fOaEWDDjsAPmhb.3h/d.AyMwG.EFH5DTq56obCtks/cRv2,010-1234-1234,ROLE_USER,female,,,sa,
21,55,2022-12-03,22:11.2,,high_gradu,ssa@naver.com,ENFP,$2a$10$0u/BRBj8s4i2FoEYZ5FYp.V4swVrGjDp7F4m0oMLgqY1az0gpYdha,010-1234-1234,ROLE_USER,female,,,dasfwerw,
22,31,2022-12-02,23:36.8,조경학과,univ,ssa@naver.com,ISFJ,$2a$10$z0/Uwd3qFcWa1SgXvpeUU.zyZ3vu5AVYtjAQwc.QLsSEk0kr1IoAy,010-4013-4612,ROLE_USER,male,univ_ing,경기대학교,dfagasd,
23,53,2019-02-20,24:25.6,컴퓨터공학과,univ,wkdks@naver.com,none,$2a$10$esevgDDIKaFg4VRN2VhqnOZ38/7uLdA1Hv03LujxTdKt3Or/9gHsi,010-1234-5678,ROLE_USER,male,univ_gradu,대구대학교,wldiclsls,
24,52,1995-01-07,25:16.4,전기공학과,univ,dkdsk@gamil.com,ENTP,$2a$10$.m783g0H5KovjaF37llim.2Q9qcKJcxN6ne3cYkuUdAxbkMx.4y7G,010-2548-4526,ROLE_USER,null,univ,울산대학교,skewl,
25,63,2000-02-09,26:23.1,,high_gradu,dksudi76@naver.com,ENTJ,$2a$10$7PqBMECVPjgTGgUnx/324eYb5PAiTPpsyb.7XOzmIO.ssuOVDATZ6,010-4013-4622,ROLE_USER,null,,,ssdfwe,
26,33,2001-02-15,27:35.3,,high_gradu,ssa@naver.com,ISTP,$2a$10$Il6sZJ986A9K8ZKaPR2ejO92itmXa.kWi.xhJvP33hvSu2A0a/PtW,010-1234-5678,ROLE_USER,male,,,sawq,
27,42,2002-05-02,28:15.5,통계학과,univ,ssa@naver.com,INFJ,$2a$10$DdZsdKtzvTTu8QxGR4isBee3vfOXqbMsmf47y5DBwsv0xuWkPIQFy,010-5486-2456,ROLE_USER,male,univ,대전대학교,ssaas,
28,43,1996-02-05,28:45.6,,high_gradu,dkdsk@gamil.com,ENFP,$2a$10$y8/MNKDZtQWgDEXf5iVsfebPYRG4ApPEVztV.CZDO1Ij6PP0qb3Ye,010-1234-5678,ROLE_USER,null,,,dkaslkewhiohq,
29,54,1985-12-25,29:33.1,파이퍼시스템공학과,univ,ssa@naver.com,ESTJ,$2a$10$XwfElH8/pcpe0Botd/HEhe/m.oQLDH4RZWTqWxiEBq5lgmLINb/8u,010-4013-4649,ROLE_USER,female,univ_ing,영남대학교,adawefqw,
30,55,1985-06-14,29:56.6,,high_gradu,dkdsk@gamil.com,INTP,$2a$10$8JwghWjwsDyGVvTUAOrr1.9NMvEA1Q65HK8s8xLJ8vmtttBHr3wZ6,010-1234-1234,ROLE_USER,null,,,wkekdks,
31,61,2001-01-01,30:20.0,,high_gradu,ssa@naver.com,ESTJ,$2a$10$m28pm1.Kui85p9weIL09yeJYcvY63PIVPIlLi8wyAYF08r4q5ex0i,010-2546-9132,ROLE_USER,female,,,23eqr,
32,55,1968-12-05,31:14.2,,high_gradu,dksl@likelion.com,ESTP,$2a$10$DaMd8bxkBn31cgTOAJC3vevHOATZc9r4wWXY5iJ7MFySAC.XQn3j.,010-5486-2456,ROLE_USER,male,,,wojowqjeqo,
33,63,2000-12-02,32:05.2,조경학과,univ,ssa@naver.com,ENTP,$2a$10$AAuJClyCXZlokrZNNdv8ye625rkrH3n33tlNfb19CxuFSJcNeuRhu,010-1234-5678,ROLE_USER,male,univ_ing,전북대학교,fafwqer,
34,54,2000-01-25,32:50.7,의류패션학과,univ,dksudi76@naver.com,INFJ,$2a$10$siY.C0KHlykoKeRanNNlEe5LhUVlO5FkzbpaR9frUKWB2IbQR0GuG,010-4013-4649,ROLE_USER,null,univ_gradu,영남대학교,wlkerhqkh,
35,31,1997-01-10,33:37.7,,high_gradu,wlls@naver.com,ESTP,$2a$10$4h26S8A7onTJmZltPSXAwOYm5IX.mWI/pIyK27PzH2MsOUeXIn8iS,010-5846-5236,ROLE_USER,female,,,sajlkwel,
36,64,1993-10-10,34:11.7,정보통신공학과,univ,ssar@naver.com,ENFP,$2a$10$T53.6p9wfzzEEBbitgGZh.RJn18.J5skjGvrpEL8byV2zLIKCQRsq,010-5486-2456,ROLE_USER,null,univ_gradu,제주대학교,afaqweq,
37,53,2000-01-26,35:18.0,화학공학과,univ,qwi@naver.com,ISFP,$2a$10$kxggGqh9Yidrg4EBqYY0UOQ4/7eMZ1aw08XKaLFnJcQE4KWSS66vu,010-1234-5678,ROLE_USER,female,univ,경북대학교,qowoeo,
38,31,1996-02-03,36:13.6,컴퓨터공학과,univ,ssar@naver.com,ESFJ,$2a$10$m/CAdBoQxZFjpvO9Zm6kTOcc52x3B4NmFPojpjeQhBGNueXKrbWR2,010-2546-2354,ROLE_USER,female,univ,연세대학교,qlekjrqwjlkjd,
39,31,2001-02-26,36:47.2,,high_gradu,fwews@gmail.com,INTJ,$2a$10$CqPQlOLU/a.j6eYghdxAfe5L7iyj4eJezfpEcYxnmeMYvTMglTEc2,010-1234-5678,ROLE_USER,null,,,adsfew,
40,52,2001-02-01,37:12.9,,high_gradu,faweaa@naver.com,ENTP,$2a$10$v35C4.nOo4z/985NMkW.1.mwZJ0OzyII.rZw9g/rXo7otFsJ/TJKm,010-5486-2456,ROLE_USER,female,,,afqweq,
41,63,2002-12-13,37:50.2,,high_gradu,fwea6@gmail.com,ISFP,$2a$10$Sj9tFNVwhFx0UJygD05bf.aw4i4hI5wxTI1C1c.B7KyRbajY.zjpW,010-4013-4641,ROLE_USER,female,,,wqea,
42,54,2000-12-02,38:15.1,,high_gradu,dksudi76@gmail.com,ESTJ,$2a$10$mi2bHl6Dw4AJiaUe6kmckuvSsjK.1uxaPfYjTmbuiGzEFivE5Mt..,010-1234-1234,ROLE_USER,male,,,daa,
43,55,2000-12-03,38:32.5,,high_gradu,aewfwfaudi76@gmail.com,ENFP,$2a$10$Sfqo642MLZ4KZNvo0ChGdOc5pNejQBTDh80xNKUzg7hk/kBFC4uLa,010-1234-1234,ROLE_USER,female,,,aaww,
44,43,2000-10-02,39:47.5,화학공학과,univ,ssa@naver.com,ESFP,$2a$10$VRk/V4GVu6oHUhHhqkT7/./NOYmNq5EEAuiVwzE.y9DaPTaitV50i,010-4013-4649,ROLE_USER,female,univ,제주대학교,qweq,
45,53,1996-05-06,40:13.3,기계공학과,univ,fafwa76@gmail.com,ISFP,$2a$10$JRPL0ML5IYRpURmxcmwaLuFY2m4HOndaYO4pESDlJoSLDXKyU7oXG,010-1234-5678,ROLE_USER,male,univ_ing,경기대학교,adafw,
46,55,2000-02-01,40:56.0,건축공학과,univ,dksudi76@gmail.com,ISTP,$2a$10$Y0m4/ve1iTXacrg0YsVlTe5m59XKvhPUsWH944yK8hsbtGIxK5z.e,010-5486-2456,ROLE_USER,female,univ,영남대학교,wewq,
47,33,2001-02-15,41:36.4,,high_gradu,dssww@naver.com,ENTP,$2a$10$Frqbw.A6mOBqzXRyCZI23uZVhDXgjXaF6tKu0QWZHCCCaDORHXvUy,010-2587-4952,ROLE_USER,female,,,daklewl,
48,42,2000-01-04,42:11.0,자동차기계공학과,univ,ssa@naver.com,ESFJ,$2a$10$DKr4HQMYbbN47BX8THECauz9xrsZ5nN0zPMLEP00DTJWo2TBjyEAi,010-5486-2456,ROLE_USER,female,univ_ing,대전대학교,aew,
49,62,2000-12-05,42:49.7,통계학과,univ,dullini01@naver.com,ESFP,$2a$10$yeU.C12O6J8NTxywFidVV.eyI2vb7J2/78.R74ogeRrF76CCXlRSO,010-9746-5556,ROLE_USER,male,univ,충남대학교,wekwlq,
50,32,1996-05-04,43:43.9,로봇공학과,univ,dksl@gmail.com,ESTP,$2a$10$YjqGlQ7pHlhAH83OmvEyiuZq/bd/DDifSdWnVoODYrQD94ane/Qv2,010-4013-4649,ROLE_USER,male,univ_gradu,인천대학교,qeklrjql,
51,43,2000-12-08,44:21.5,컴퓨터공학과,univ,dal@gmail.com,INFP,$2a$10$TBF1GNl/3oaxx2s/bpoPOuU9l3M4zrhO4SR7e3.YUKPvRI1BSoTgC,010-6985-4268,ROLE_USER,male,univ_ing,제주대학교,wkelq,
52,33,1996-08-05,44:51.3,화학공학과,univ,ssa@naver.com,ENFP,$2a$10$5YdsrLKPhIu2ZjsfkaHMl.S7DUd4PtVR4f3wvXJRO7f.OAFNfck2u,010-5486-2456,ROLE_USER,male,univ,경기대학교,rqerq,
53,41,2003-02-02,45:11.7,,high_gradu,ewqai76@gmail.com,ISTP,$2a$10$WvDr15d5AKD4q7pUO3DV7uBZ6Pny/MEaXtdboVualHPGBfqcVyPUy,010-1234-5678,ROLE_USER,male,,,eqrq,
54,51,2000-12-24,45:53.6,수학과,univ,dewa@gmail.com,ESFJ,$2a$10$TBlyCwqHu/LlI46ZPaZJL.VCSQdn6VnItv1Su91UZe9jxFoq9feG.,010-5486-2456,ROLE_USER,female,univ,부경대학교,wqeqr,
55,63,2000-10-08,47:16.2,전자공학과,univ,al@naver.com,ENFJ,$2a$10$GCPtSg3asuX1DikzHoiMxOBuz2qHoVoMb2377asO3UoEtJwM2enHG,010-5846-8552,ROLE_USER,female,univ_gradu,전북대학교,askl,
56,31,2000-01-25,47:46.8,에너지공학과,univ,ssa@naver.com,ESFP,$2a$10$B6Evz4gtTDSHUoO6AFPAWes.ZacrQ.IybybFcE69flCf6sb404lUy,010-7564-6984,ROLE_USER,male,univ,부경대학교,kaew,
57,33,2000-12-05,48:36.1,유아교육학과,univ,adewin2@naver.com,INFP,$2a$10$qtJ3HCkefqpyNWc/xEiCHOLDo3bVfGFJGU4WIynqeu/cQUEiWxBRa,010-5486-2456,ROLE_USER,male,univ,강원대학교,wkejl,
58,55,1998-12-15,49:11.6,토목공학과,univ,ewrqa@naver.com,ENFJ,$2a$10$E8fhdImbxz8dUS93cRVnU.zbatjL2UrArYmBhZXXZH4/j25c9Vg.m,010-1234-1234,ROLE_USER,male,univ_gradu,경남대학교,wekj,
59,54,2000-12-02,49:52.7,전자공학과,univ,fawa6@gmail.com,ENTP,$2a$10$IyMaOgAR7..II4/4LXJwZOQgRuUxIdJdT9cFOq8tXR9YULXIlC.B2,010-6566-2369,ROLE_USER,male,univ_ing,영남대학교,qekrejqlqj,
60,53,1996-02-05,50:35.1,에너지공학과,univ,ewwa@gmail.com,INFJ,$2a$10$luTwNMQ.u2Y/AF9pKbAfSeXwYUtBm5YjJVrksHzXdzVungvmOy3yy,010-4445-5525,ROLE_USER,female,univ,제주대학교,werkjql,
61,53,2002-12-03,50:59.3,,high_gradu,ewal@gmail.com,INTP,$2a$10$E1NK/DLM2Isw8O7d1sSE7OckwiM8pVTznYr8v.ptOkBHq.fEcjwKa,010-1234-5678,ROLE_USER,null,,,qerjkl,
62,51,1996-02-25,51:44.7,산업공학과,univ,reqq76@gmail.com,INTP,$2a$10$SK6Rw14YccgiVNTmaMSAf.ekniuFzVrqP3C6/HWuwaM9j4JlE4egK,010-8547-9544,ROLE_USER,male,univ_ing,부경대학교,newqerq,
63,43,2000-01-16,52:25.9,신소재공학과,univ,erqrq@gmail.com,INTJ,$2a$10$Bs901pDEVb0dZboFq8erpe9ay6X.eAYnhmNaE/6eIRDHU2fFhRMKq,010-5486-2456,ROLE_USER,male,univ_ing,충북대학교,erqq,
64,31,1999-02-25,52:56.5,,high_gradu,kim@naver.com,ENTP,$2a$10$NnrODKQz2oGENFmfXulcrujjHcphTZZ1Wjw6dg91SfxBLkTiqLM2e,010-8545-8694,ROLE_USER,female,,,qekrljqlk,
65,62,2000-01-04,53:39.3,재료공학과,univ,weqq6@gmail.com,ENTP,$2a$10$Spvt1zozA/MENWm2..EnwuZLPlHtxPO6O0rqkU6bwzZROmdrKeaLy,010-6547-4854,ROLE_USER,female,univ,광주대학교,qew,
66,2,2003-01-09,54:24.0,섬유공학과,univ,wwea@daum.com,ESFJ,$2a$10$qmhh8eoAMybA7S2A.xcNO.pMj/xHxSF6YAnm6ecG6d.aG.CcBOaD6,010-6448-8544,ROLE_USER,null,univ_ing,서울대학교,qelkqj,
67,42,1998-02-16,55:13.5,컴퓨터공학과,univ,adewin2@naver.com,ESTJ,$2a$10$NAZAmKkQ9r2bhxZaLWtrZeKV97QBqDKorDJb68iDab.47O3NTbtDq,010-2223-6459,ROLE_USER,male,univ_gradu,대전대학교,weko,
68,2,2000-12-14,56:51.1,섬유공학과,univ,daklf@naver.com,ESTP,$2a$10$YAR59XW.IiWk6Fhuv6N./.Q/CifrB.gJsGMuOFcrpEGbMIKg4WZ9y,010-4578-9556,ROLE_USER,female,univ_ing,연세대학교,qrlkej,
69,32,2000-10-02,57:30.5,해양공학과,univ,ssar@naver.com,INTJ,$2a$10$3MR7JwhCe.pN7lwLeyWCneT6hB2wzNuKCG4fZZhYiBXaXb9rk3UNG,010-6325-9744,ROLE_USER,male,univ,제주대학교,qejkrlq,
70,62,1996-02-05,58:11.2,세라믹공학과,univ,adewin2@naver.com,INTP,$2a$10$/SAGBbJNDpbGrzRbQ9GMvuDmdjar5GzpGj.aU1Tfo4fvmNxqQGnbu,010-9744-1685,ROLE_USER,male,univ_ing,광주대학교,qerkl,
71,41,1998-11-25,59:15.6,간호학과,univ,ewqrs@naver.com,INFJ,$2a$10$ih2P3v0drFoxQL5gCIVjeOibBkWFU9aZYc2nykpH6uRwpOJl38j/O,010-4165-4564,ROLE_USER,male,univ_ing,충남대하교,qkelqjrl,
72,52,2001-02-23,00:07.0,물리학과,univ,qerq@gmail.com,INFJ,$2a$10$3a0TcoQqsKFlAYjQkv5vsO/MCjMhlLY7nespuWrgIDGNMMtc0iH7y,010-6585-8885,ROLE_USER,male,univ_ing,울산대학교,qeoiqo,
73,54,2003-12-09,01:10.5,천문학과,univ,aewrqoi@naver.com,INFJ,$2a$10$ubhMv1t3kbzxXRFLZQ8SWe5ny7Wh734hXIEGzQ.zG.FAC8kyvfrta,010-9874-8974,ROLE_USER,male,univ_ing,영남대학교,bhsdoighaoi,
74,33,2003-02-05,01:50.8,농업학과,univ,wwrqa@naver.com,ESFP,$2a$10$8yjMpxjBxhCeY93sy1TJFePmeM4vHBH4/8GwPMshPWCejHIecV7yq,010-5674-6878,ROLE_USER,male,univ_ing,제주대학교,qerhjo,
75,2,2001-06-28,03:00.1,미디어학과,univ,ssa@naver.com,ESFP,$2a$10$.JwJaeYgv.ZpCKVPiZ2VM.FsRejA0m0BRBzVHlylW1hk817sz/s0i,010-6546-5468,ROLE_USER,female,univ_ing,아주대학교,qjkwehekjt,
76,31,2001-02-05,03:35.6,생물학과,univ,qerwq@naver.com,INTJ,$2a$10$Ejd0B1LbU2hqfgSvB7iwxuxrKIlLiG1jcujGKmP9RJGBgrg9emyJK,010-8479-8749,ROLE_USER,null,univ,경기대학교,qerjkjqoi,
77,63,2000-06-05,04:43.4,환경학과,univ,dfioqu23u@gmail.com,ESFJ,$2a$10$T8oSKOGQaCHrFSAvpM2w3.2RMcKcu5blqwOww4RCb.XkYoXqdF17S,010-8979-8456,ROLE_USER,female,univ_ing,전북대학교,alekjr23q9,
78,55,2003-12-03,05:21.6,원예학과,univ,weqq6@gmail.com,INTP,$2a$10$9h5HU92bvUWdj2kRgyy2Q.Gu28fL8P0Pa6s5HBKB/ITGSY3JZT/zK,010-5674-9875,ROLE_USER,male,univ_ing,경기대학교,erqklj,
79,61,1998-02-05,05:54.5,철학과,univ,qerq@naver.com,ISTP,$2a$10$ebzMpwLUO.h3lpi6/n7Qn.r5RbDEK1QaWpn5X41zzudc7nwIHzA9i,010-5486-2456,ROLE_USER,female,univ_ing,전남대학교,eklwqj,
80,52,2001-02-01,06:36.3,종교학과,univ,qiuoir@naver.com,INTJ,$2a$10$PyjXq5tC0gx7mtPJh6jHAe1lZ9VwkmDu79lPQcxonkfgKtZPE5v5W,010-6448-4223,ROLE_USER,male,univ,울산대학교,qejrl,
81,55,2001-02-23,07:45.6,고고학과,univ,adewin2@naver.com,ESTJ,$2a$10$yN1lg.rN4j/Uay6aksHN0.Kf1b9j/nTMCAhy8VW06czgm5hDhl7Ky,010-2636-5455,ROLE_USER,null,univ_ing,울산대학교,qejl,
82,63,2001-02-12,08:22.2,컴퓨터공학과,univ,qerq@naver.com,ENFP,$2a$10$vblqewQp/wWjsQ469soh2.KSGTnWEUweTZhb8bpiHhtQ45ZgqtO82,010-6589-7489,ROLE_USER,female,univ_ing,전북대학교,qerlkj,
83,55,2000-02-16,09:01.4,문학과,univ,dkdsk@gamil.com,INFJ,$2a$10$sFqy2wmsKoVbRf76EVHcoOFoEwreQnk/ejNVBIcCtzYbvICtKYF2q,010-6488-4858,ROLE_USER,male,univ_ing,경남대학교,23jk12,
84,42,1989-02-03,09:55.7,자동차공학과,univ,qerdi76@gmail.com,ISFJ,$2a$10$2R7mSkqfsPBw720nb/puae2/eJt13Ng7jAuIndchsco8ybkvHMfE.,010-8974-4654,ROLE_USER,null,univ,부경대학교,qlkrjo,
85,52,2001-02-15,10:54.5,수의학과,univ,qrwen2@naver.com,ENFP,$2a$10$OPxIq/0OZK2GkRRGM9kOpez/sekhVwGLzLOfz.VbI3Ux3gMOF7YcO,010-9658-8687,ROLE_USER,female,univ_ing,울산대학교,dsalkfjeqw,
86,53,1998-02-12,14:20.7,,high_gradu,ssar@naver.com,INTP,$2a$10$CBiTEsd33tXF..9OvaYEK.z15DioQtmia4CI.WHNTzeAfWCoiG7BS,010-6969-7897,ROLE_USER,female,,,qklerj,
87,33,2003-02-15,14:39.9,,high_gradu,ewqa6@gmail.com,ISFP,$2a$10$5i5j0xor3PvvR/N1Td1Dfe0Iau7OzZueSwi0R47VQBd1dKlujXbo2,010-8978-9476,ROLE_USER,female,,,6wqe7r6q,
88,55,2003-05-04,18:44.9,화학공학과,univ,ssa@naver.com,ISFP,$2a$10$Pk8xztXBSuWmqxK0VXHgmeXZAuiKvOemW8Kunw718p7Gx9a1EaaJy,010-1056-4765,ROLE_USER,male,univ_ing,영남대학교,jeqrwoijreoi,
89,42,2006-04-05,19:39.7,화학공학과,univ,weqq6@gmail.com,ESFP,$2a$10$PATwBlJtlM4fAv9JrIQdnelYAB4qlvn3JqvcjtUTSAfVbRs1cCTvG,010-6547-9878,ROLE_USER,null,univ,경기대학교,qwekjrl,
90,52,2022-12-03,20:09.1,통계학과,univ,ewrqrq@gmail.com,ESTP,$2a$10$K4fR.2w50oegMllSdYxXfOJ7tzaVT19UDebz5w.fEVhDpQrxTxojS,010-1234-1234,ROLE_USER,female,univ,부경대학교,qwreq,
91,43,2022-12-03,20:35.3,,high_gradu,ssar@naver.com,ENTP,$2a$10$.Jwyd3XlCAyQzls1JcXIL.rf9398Ce8FzXH4fMfjEKvlsBIWdfc2O,010-1234-5678,ROLE_USER,female,,,qerw,
92,52,2000-12-22,21:01.8,화학공학과,univ,qerdi76@gmail.com,ISTP,$2a$10$oGZ4vmWYxOqn2JCo4eZxGuGyyvJWWAsksuXPdV/ajhcZ7KLxypD2m,010-4013-4649,ROLE_USER,null,univ,경기대학교,erqreq,
93,61,2000-02-16,21:40.8,정보통신공학과,univ,daklf@naver.com,ISFP,$2a$10$505Fv/CDViclKSADEakMR.RoEMnDuGSVl3TsdbiNv.xS7X8CC3oR2,010-6352-4646,ROLE_USER,female,univ_ing,제주대학교,qewruiu,
94,53,2022-12-03,22:59.3,통계학과,univ,al@naver.com,ENTP,$2a$10$qjaTtG9lBriAyqpIB91xzOKdPCKudmnCgZJosV4SM9U0G4DIEBWCu,010-1234-1234,ROLE_USER,male,univ_ing,울산대학교,jewlkq,
95,55,2022-12-03,23:25.0,,high_gradu,qer6@gmail.com,ENTP,$2a$10$4qfzxW/xsCSkRg4QgGq49OahfQfM/iUss7lJIwAoZsd2RdUYuyO6O,010-5486-2456,ROLE_USER,male,,,aqwe,
96,43,1985-05-06,23:56.6,통계학과,univ,q4326@gmail.com,ENFP,$2a$10$XDZoQMwSg6yWD0HqsKB2IuSnyzooRYUN1OKzPoEKXMNVODpfqbgAO,010-6744-7654,ROLE_USER,female,univ_ing,부경대학교,111dfa,
97,51,1968-05-12,25:49.6,화학공학과,univ,ads@naver.com,ISFP,$2a$10$rm6yDoPuA8/WYPkLlBq3U.pEo4M7IiCIqGQvW83Ksk1FaKDm6jv6G,010-5486-2456,ROLE_USER,male,univ_gradu,영남대학교,eqwljr,
98,53,1995-11-16,26:37.8,파이퍼시스템공학과,univ,dskalw@daum.com,ESTP,$2a$10$rzj9GK78m7dawC7UtsvvLOChomnlk/hYAMIjOItn/nLaAj/gApyUO,010-3468-7446,ROLE_USER,female,univ,영남대학교,ewfmq,
99,61,2002-12-25,27:12.3,,high_gradu,ssar@naver.com,ESFP,$2a$10$X3v3.yP72jz9yNtC6sDyMuj3QlzEk9LCjHodew4/M.Rbp6DMcz9WG,010-4013-4649,ROLE_USER,male,,,qwkejrl,
100,64,1985-12-02,27:50.4,수의학과,univ,reqq76@gmail.com,ISFJ,$2a$10$yACr6IqUsmqi3fNP0gH9ZewXBV.UN.GkL/ORzVLFZFMS1OOUNL4Fy,010-1234-5678,ROLE_USER,male,univ_gradu,경기대학교,dasklewj,
101,43,2000-01-19,38:59.8,컴퓨터공학과,univ,ssa@naver.com,ISFP,$2a$10$.GansCRfc8qKikxJr7kbn.AojKhzl.Lztd7bXfPyg.32.TdVKPBdK,010-2312-8623,ROLE_USER,male,univ,제주대학교,dlsl,
102,31,2022-12-01,12:07.1,,high_gradu,kim@naver.com,ESTP,$2a$10$wh4Q/9/8tBdjb/1o75DNm.4RzlZsw3ELrw/yeFO3XNQg/qDOIKyLO,010-2929-3212,ROLE_USER,female,,,jskd,
,,,,,,,,,,,,,,,
